{
 "add_total_row": 0,
 "columns": [],
 "creation": "2024-08-25 20:33:16.590185",
 "disabled": 0,
 "docstatus": 0,
 "doctype": "Report",
 "filters": [],
 "idx": 0,
 "is_standard": "Yes",
 "letterhead": null,
 "modified": "2024-08-25 20:33:16.590185",
 "modified_by": "Administrator",
 "module": "Consumption Analysis Module",
 "name": "Consumption Report",
 "owner": "Administrator",
 "prepared_report": 0,
 "ref_doctype": "Energy Consumption Data",
 "report_name": "Consumption Report",
 "report_type": "Script Report",
 "roles": []
}